[{"fields": {"model": "logentry", "app_label": "admin"}, "model": "contenttypes.contenttype", "pk": 1}, {"fields": {"model": "permission", "app_label": "auth"}, "model": "contenttypes.contenttype", "pk": 2}, {"fields": {"model": "group", "app_label": "auth"}, "model": "contenttypes.contenttype", "pk": 3}, {"fields": {"model": "user", "app_label": "auth"}, "model": "contenttypes.contenttype", "pk": 4}, {"fields": {"model": "contenttype", "app_label": "contenttypes"}, "model": "contenttypes.contenttype", "pk": 5}, {"fields": {"model": "session", "app_label": "sessions"}, "model": "contenttypes.contenttype", "pk": 6}, {"fields": {"model": "usersocialauth", "app_label": "social_auth"}, "model": "contenttypes.contenttype", "pk": 7}, {"fields": {"model": "nonce", "app_label": "social_auth"}, "model": "contenttypes.contenttype", "pk": 8}, {"fields": {"model": "association", "app_label": "social_auth"}, "model": "contenttypes.contenttype", "pk": 9}, {"fields": {"model": "bar", "app_label": "beers"}, "model": "contenttypes.contenttype", "pk": 10}, {"fields": {"model": "drinker", "app_label": "beers"}, "model": "contenttypes.contenttype", "pk": 11}, {"fields": {"model": "frequents", "app_label": "beers"}, "model": "contenttypes.contenttype", "pk": 12}, {"fields": {"model": "beer", "app_label": "beers"}, "model": "contenttypes.contenttype", "pk": 13}, {"fields": {"model": "serves", "app_label": "beers"}, "model": "contenttypes.contenttype", "pk": 14}, {"fields": {"model": "likes", "app_label": "beers"}, "model": "contenttypes.contenttype", "pk": 15}, {"fields": {"model": "drinker", "app_label": "beers_alt"}, "model": "contenttypes.contenttype", "pk": 17}, {"fields": {"model": "registered_user", "app_label": "beers_alt"}, "model": "contenttypes.contenttype", "pk": 22}, {"fields": {"model": "event", "app_label": "beers_alt"}, "model": "contenttypes.contenttype", "pk": 23}, {"fields": {"model": "ingredient", "app_label": "beers_alt"}, "model": "contenttypes.contenttype", "pk": 24}, {"fields": {"model": "part_of", "app_label": "beers_alt"}, "model": "contenttypes.contenttype", "pk": 25}, {"fields": {"model": "event_ingredient", "app_label": "beers_alt"}, "model": "contenttypes.contenttype", "pk": 26}, {"fields": {"model": "who_buys", "app_label": "beers_alt"}, "model": "contenttypes.contenttype", "pk": 27}, {"fields": {"address": "802 W. Main Street"}, "model": "beers.bar", "pk": "Down Under Pub"}, {"fields": {"address": "912 W. Main Street"}, "model": "beers.bar", "pk": "James Joyce Pub"}, {"fields": {"address": "905 W. Main Street"}, "model": "beers.bar", "pk": "Satisfaction"}, {"fields": {"address": "108 E. Main Street"}, "model": "beers.bar", "pk": "Talk of the Town"}, {"fields": {"address": "108 Morris Street"}, "model": "beers.bar", "pk": "The Edge"}, {"fields": {"address": "100 W. Main Street"}, "model": "beers.drinker", "pk": "Amy"}, {"fields": {"address": "101 W. Main Street"}, "model": "beers.drinker", "pk": "Ben"}, {"fields": {"address": "200 S. Duke Street"}, "model": "beers.drinker", "pk": "Coy"}, {"fields": {"address": "300 N. Duke Street"}, "model": "beers.drinker", "pk": "Dan"}, {"fields": {"address": "100 W. Main Street"}, "model": "beers.drinker", "pk": "Eve"}, {"fields": {"drinker": "Amy", "bar": "James Joyce Pub", "times_a_week": 2}, "model": "beers.frequents", "pk": 1}, {"fields": {"drinker": "Ben", "bar": "James Joyce Pub", "times_a_week": 1}, "model": "beers.frequents", "pk": 2}, {"fields": {"drinker": "Ben", "bar": "Satisfaction", "times_a_week": 2}, "model": "beers.frequents", "pk": 3}, {"fields": {"drinker": "Ben", "bar": "Talk of the Town", "times_a_week": 1}, "model": "beers.frequents", "pk": 4}, {"fields": {"drinker": "Coy", "bar": "Down Under Pub", "times_a_week": 1}, "model": "beers.frequents", "pk": 5}, {"fields": {"drinker": "Coy", "bar": "The Edge", "times_a_week": 1}, "model": "beers.frequents", "pk": 6}, {"fields": {"drinker": "Dan", "bar": "Down Under Pub", "times_a_week": 2}, "model": "beers.frequents", "pk": 7}, {"fields": {"drinker": "Dan", "bar": "The Edge", "times_a_week": 1}, "model": "beers.frequents", "pk": 8}, {"fields": {"drinker": "Dan", "bar": "James Joyce Pub", "times_a_week": 1}, "model": "beers.frequents", "pk": 9}, {"fields": {"drinker": "Dan", "bar": "Satisfaction", "times_a_week": 2}, "model": "beers.frequents", "pk": 10}, {"fields": {"drinker": "Dan", "bar": "Talk of the Town", "times_a_week": 2}, "model": "beers.frequents", "pk": 11}, {"fields": {"drinker": "Eve", "bar": "James Joyce Pub", "times_a_week": 2}, "model": "beers.frequents", "pk": 12}, {"fields": {"brewer": "Amstel Brewery"}, "model": "beers.beer", "pk": "Amstel"}, {"fields": {"brewer": "Anheuser-Busch Inc."}, "model": "beers.beer", "pk": "Budweiser"}, {"fields": {"brewer": "Grupo Modelo"}, "model": "beers.beer", "pk": "Corona"}, {"fields": {"brewer": "Dixie Brewing"}, "model": "beers.beer", "pk": "Dixie"}, {"fields": {"brewer": "Erdinger Weissbrau"}, "model": "beers.beer", "pk": "Erdinger"}, {"fields": {"brewer": "Full Sail Brewing"}, "model": "beers.beer", "pk": "Full Sail"}, {"fields": {"beer": "Amstel", "bar": "Down Under Pub", "price": "2.75"}, "model": "beers.serves", "pk": 1}, {"fields": {"beer": "Budweiser", "bar": "Down Under Pub", "price": "2.25"}, "model": "beers.serves", "pk": 2}, {"fields": {"beer": "Corona", "bar": "Down Under Pub", "price": "3.00"}, "model": "beers.serves", "pk": 3}, {"fields": {"beer": "Amstel", "bar": "The Edge", "price": "2.75"}, "model": "beers.serves", "pk": 4}, {"fields": {"beer": "Budweiser", "bar": "The Edge", "price": "2.50"}, "model": "beers.serves", "pk": 5}, {"fields": {"beer": "Corona", "bar": "The Edge", "price": "3.00"}, "model": "beers.serves", "pk": 6}, {"fields": {"beer": "Amstel", "bar": "James Joyce Pub", "price": "3.00"}, "model": "beers.serves", "pk": 7}, {"fields": {"beer": "Corona", "bar": "James Joyce Pub", "price": "3.25"}, "model": "beers.serves", "pk": 8}, {"fields": {"beer": "Dixie", "bar": "James Joyce Pub", "price": "3.00"}, "model": "beers.serves", "pk": 9}, {"fields": {"beer": "Erdinger", "bar": "James Joyce Pub", "price": "3.50"}, "model": "beers.serves", "pk": 10}, {"fields": {"beer": "Amstel", "bar": "Satisfaction", "price": "2.75"}, "model": "beers.serves", "pk": 11}, {"fields": {"beer": "Budweiser", "bar": "Satisfaction", "price": "2.25"}, "model": "beers.serves", "pk": 12}, {"fields": {"beer": "Corona", "bar": "Satisfaction", "price": "2.75"}, "model": "beers.serves", "pk": 13}, {"fields": {"beer": "Dixie", "bar": "Satisfaction", "price": "2.75"}, "model": "beers.serves", "pk": 14}, {"fields": {"beer": "Full Sail", "bar": "Satisfaction", "price": "2.75"}, "model": "beers.serves", "pk": 15}, {"fields": {"beer": "Amstel", "bar": "Talk of the Town", "price": "2.50"}, "model": "beers.serves", "pk": 16}, {"fields": {"beer": "Budweiser", "bar": "Talk of the Town", "price": "2.20"}, "model": "beers.serves", "pk": 17}, {"fields": {"drinker": "Amy", "beer": "Amstel"}, "model": "beers.likes", "pk": 1}, {"fields": {"drinker": "Amy", "beer": "Corona"}, "model": "beers.likes", "pk": 2}, {"fields": {"drinker": "Ben", "beer": "Amstel"}, "model": "beers.likes", "pk": 3}, {"fields": {"drinker": "Ben", "beer": "Budweiser"}, "model": "beers.likes", "pk": 4}, {"fields": {"drinker": "Coy", "beer": "Dixie"}, "model": "beers.likes", "pk": 5}, {"fields": {"drinker": "Dan", "beer": "Amstel"}, "model": "beers.likes", "pk": 6}, {"fields": {"drinker": "Dan", "beer": "Budweiser"}, "model": "beers.likes", "pk": 7}, {"fields": {"drinker": "Dan", "beer": "Corona"}, "model": "beers.likes", "pk": 8}, {"fields": {"drinker": "Dan", "beer": "Dixie"}, "model": "beers.likes", "pk": 9}, {"fields": {"drinker": "Dan", "beer": "Erdinger"}, "model": "beers.likes", "pk": 10}, {"fields": {"drinker": "Eve", "beer": "Amstel"}, "model": "beers.likes", "pk": 11}, {"fields": {"drinker": "Eve", "beer": "Corona"}, "model": "beers.likes", "pk": 12}, {"fields": {"address": "100 W. Main Street"}, "model": "beers_alt.drinker", "pk": "Amy"}, {"fields": {"address": "101 W. Main Street"}, "model": "beers_alt.drinker", "pk": "Ben"}, {"fields": {"address": "200 S. Duke Street"}, "model": "beers_alt.drinker", "pk": "Coy"}, {"fields": {"address": "300 N. Duke Street"}, "model": "beers_alt.drinker", "pk": "Dan"}, {"fields": {"address": "100 W. Main Street"}, "model": "beers_alt.drinker", "pk": "Eve"}, {"fields": {"codename": "add_logentry", "name": "Can add log entry", "content_type": 1}, "model": "auth.permission", "pk": 1}, {"fields": {"codename": "change_logentry", "name": "Can change log entry", "content_type": 1}, "model": "auth.permission", "pk": 2}, {"fields": {"codename": "delete_logentry", "name": "Can delete log entry", "content_type": 1}, "model": "auth.permission", "pk": 3}, {"fields": {"codename": "add_permission", "name": "Can add permission", "content_type": 2}, "model": "auth.permission", "pk": 4}, {"fields": {"codename": "change_permission", "name": "Can change permission", "content_type": 2}, "model": "auth.permission", "pk": 5}, {"fields": {"codename": "delete_permission", "name": "Can delete permission", "content_type": 2}, "model": "auth.permission", "pk": 6}, {"fields": {"codename": "add_group", "name": "Can add group", "content_type": 3}, "model": "auth.permission", "pk": 7}, {"fields": {"codename": "change_group", "name": "Can change group", "content_type": 3}, "model": "auth.permission", "pk": 8}, {"fields": {"codename": "delete_group", "name": "Can delete group", "content_type": 3}, "model": "auth.permission", "pk": 9}, {"fields": {"codename": "add_user", "name": "Can add user", "content_type": 4}, "model": "auth.permission", "pk": 10}, {"fields": {"codename": "change_user", "name": "Can change user", "content_type": 4}, "model": "auth.permission", "pk": 11}, {"fields": {"codename": "delete_user", "name": "Can delete user", "content_type": 4}, "model": "auth.permission", "pk": 12}, {"fields": {"codename": "add_contenttype", "name": "Can add content type", "content_type": 5}, "model": "auth.permission", "pk": 13}, {"fields": {"codename": "change_contenttype", "name": "Can change content type", "content_type": 5}, "model": "auth.permission", "pk": 14}, {"fields": {"codename": "delete_contenttype", "name": "Can delete content type", "content_type": 5}, "model": "auth.permission", "pk": 15}, {"fields": {"codename": "add_session", "name": "Can add session", "content_type": 6}, "model": "auth.permission", "pk": 16}, {"fields": {"codename": "change_session", "name": "Can change session", "content_type": 6}, "model": "auth.permission", "pk": 17}, {"fields": {"codename": "delete_session", "name": "Can delete session", "content_type": 6}, "model": "auth.permission", "pk": 18}, {"fields": {"codename": "add_usersocialauth", "name": "Can add user social auth", "content_type": 7}, "model": "auth.permission", "pk": 19}, {"fields": {"codename": "change_usersocialauth", "name": "Can change user social auth", "content_type": 7}, "model": "auth.permission", "pk": 20}, {"fields": {"codename": "delete_usersocialauth", "name": "Can delete user social auth", "content_type": 7}, "model": "auth.permission", "pk": 21}, {"fields": {"codename": "add_nonce", "name": "Can add nonce", "content_type": 8}, "model": "auth.permission", "pk": 22}, {"fields": {"codename": "change_nonce", "name": "Can change nonce", "content_type": 8}, "model": "auth.permission", "pk": 23}, {"fields": {"codename": "delete_nonce", "name": "Can delete nonce", "content_type": 8}, "model": "auth.permission", "pk": 24}, {"fields": {"codename": "add_association", "name": "Can add association", "content_type": 9}, "model": "auth.permission", "pk": 25}, {"fields": {"codename": "change_association", "name": "Can change association", "content_type": 9}, "model": "auth.permission", "pk": 26}, {"fields": {"codename": "delete_association", "name": "Can delete association", "content_type": 9}, "model": "auth.permission", "pk": 27}, {"fields": {"codename": "add_bar", "name": "Can add bar", "content_type": 10}, "model": "auth.permission", "pk": 28}, {"fields": {"codename": "change_bar", "name": "Can change bar", "content_type": 10}, "model": "auth.permission", "pk": 29}, {"fields": {"codename": "delete_bar", "name": "Can delete bar", "content_type": 10}, "model": "auth.permission", "pk": 30}, {"fields": {"codename": "add_drinker", "name": "Can add drinker", "content_type": 11}, "model": "auth.permission", "pk": 31}, {"fields": {"codename": "change_drinker", "name": "Can change drinker", "content_type": 11}, "model": "auth.permission", "pk": 32}, {"fields": {"codename": "delete_drinker", "name": "Can delete drinker", "content_type": 11}, "model": "auth.permission", "pk": 33}, {"fields": {"codename": "add_frequents", "name": "Can add frequents", "content_type": 12}, "model": "auth.permission", "pk": 34}, {"fields": {"codename": "change_frequents", "name": "Can change frequents", "content_type": 12}, "model": "auth.permission", "pk": 35}, {"fields": {"codename": "delete_frequents", "name": "Can delete frequents", "content_type": 12}, "model": "auth.permission", "pk": 36}, {"fields": {"codename": "add_beer", "name": "Can add beer", "content_type": 13}, "model": "auth.permission", "pk": 37}, {"fields": {"codename": "change_beer", "name": "Can change beer", "content_type": 13}, "model": "auth.permission", "pk": 38}, {"fields": {"codename": "delete_beer", "name": "Can delete beer", "content_type": 13}, "model": "auth.permission", "pk": 39}, {"fields": {"codename": "add_serves", "name": "Can add serves", "content_type": 14}, "model": "auth.permission", "pk": 40}, {"fields": {"codename": "change_serves", "name": "Can change serves", "content_type": 14}, "model": "auth.permission", "pk": 41}, {"fields": {"codename": "delete_serves", "name": "Can delete serves", "content_type": 14}, "model": "auth.permission", "pk": 42}, {"fields": {"codename": "add_likes", "name": "Can add likes", "content_type": 15}, "model": "auth.permission", "pk": 43}, {"fields": {"codename": "change_likes", "name": "Can change likes", "content_type": 15}, "model": "auth.permission", "pk": 44}, {"fields": {"codename": "delete_likes", "name": "Can delete likes", "content_type": 15}, "model": "auth.permission", "pk": 45}, {"fields": {"codename": "add_drinker", "name": "Can add drinker", "content_type": 17}, "model": "auth.permission", "pk": 49}, {"fields": {"codename": "change_drinker", "name": "Can change drinker", "content_type": 17}, "model": "auth.permission", "pk": 50}, {"fields": {"codename": "delete_drinker", "name": "Can delete drinker", "content_type": 17}, "model": "auth.permission", "pk": 51}, {"fields": {"codename": "add_registered_user", "name": "Can add registered_ user", "content_type": 22}, "model": "auth.permission", "pk": 64}, {"fields": {"codename": "change_registered_user", "name": "Can change registered_ user", "content_type": 22}, "model": "auth.permission", "pk": 65}, {"fields": {"codename": "delete_registered_user", "name": "Can delete registered_ user", "content_type": 22}, "model": "auth.permission", "pk": 66}, {"fields": {"codename": "add_event", "name": "Can add event", "content_type": 23}, "model": "auth.permission", "pk": 67}, {"fields": {"codename": "change_event", "name": "Can change event", "content_type": 23}, "model": "auth.permission", "pk": 68}, {"fields": {"codename": "delete_event", "name": "Can delete event", "content_type": 23}, "model": "auth.permission", "pk": 69}, {"fields": {"codename": "add_ingredient", "name": "Can add ingredient", "content_type": 24}, "model": "auth.permission", "pk": 70}, {"fields": {"codename": "change_ingredient", "name": "Can change ingredient", "content_type": 24}, "model": "auth.permission", "pk": 71}, {"fields": {"codename": "delete_ingredient", "name": "Can delete ingredient", "content_type": 24}, "model": "auth.permission", "pk": 72}, {"fields": {"codename": "add_part_of", "name": "Can add part_ of", "content_type": 25}, "model": "auth.permission", "pk": 73}, {"fields": {"codename": "change_part_of", "name": "Can change part_ of", "content_type": 25}, "model": "auth.permission", "pk": 74}, {"fields": {"codename": "delete_part_of", "name": "Can delete part_ of", "content_type": 25}, "model": "auth.permission", "pk": 75}, {"fields": {"codename": "add_event_ingredient", "name": "Can add event_ ingredient", "content_type": 26}, "model": "auth.permission", "pk": 76}, {"fields": {"codename": "change_event_ingredient", "name": "Can change event_ ingredient", "content_type": 26}, "model": "auth.permission", "pk": 77}, {"fields": {"codename": "delete_event_ingredient", "name": "Can delete event_ ingredient", "content_type": 26}, "model": "auth.permission", "pk": 78}, {"fields": {"codename": "add_who_buys", "name": "Can add who_ buys", "content_type": 27}, "model": "auth.permission", "pk": 79}, {"fields": {"codename": "change_who_buys", "name": "Can change who_ buys", "content_type": 27}, "model": "auth.permission", "pk": 80}, {"fields": {"codename": "delete_who_buys", "name": "Can delete who_ buys", "content_type": 27}, "model": "auth.permission", "pk": 81}, {"fields": {"username": "annie", "first_name": "", "last_name": "", "is_active": true, "is_superuser": true, "is_staff": true, "last_login": null, "groups": [], "user_permissions": [], "password": "pbkdf2_sha256$20000$0RX2eI4lEaJB$jKV7SSMwuCXzyyT6qYV6Bbv1O2gUyC1H/4LQtfcDWu8=", "email": "asy11@duke.edu", "date_joined": "2015-09-26T14:26:11.900Z"}, "model": "auth.user", "pk": 1}]